 <max:CreateITD_PMSCSUBMITWF xmlns:max="http://www.ibm.com/maximo" baseLanguage="EN">
   <max:ITD_PMSCSUBMITWFSet>
     <max:ITDSRWIZCR action="Add">
       <max:PMSCITEMNUM>EVRCCP1001AM</max:PMSCITEMNUM>
       <max:AFFECTEDPERSON>EVR-NO-CCD1 REQUESTER</max:AFFECTEDPERSON>
       <max:REPORTEDBYID>MXINTBRK</max:REPORTEDBYID>
       <max:EXTERNALSYSTEM>EXTERNALSERVICEDESK</max:EXTERNALSYSTEM>
       <max:EXTERNALSYSTEM_TICKETID>4WXDYUVR_01CENAJ8XE02MBC71T8NC4W67G</max:EXTERNALSYSTEM_TICKETID>
       <max:WORKLOGENTRY>Request from CloudMatrix</max:WORKLOGENTRY>
       <max:WORKLOGDETAIL>New:T - Managed Windows Instance:Sapan, Mohopatra:2018-05-29 06:49:48</max:WORKLOGDETAIL>
       <max:ITDSRWIZPROCESS action="Add">
         <max:SUBMIT>1</max:SUBMIT>
       </max:ITDSRWIZPROCESS>
       <max:ITDSRWIZSPECCR action="Add">
         <max:ASSETATTRID>ITDCUSTOMER</max:ASSETATTRID>
         <max:VALUE>EVR-NO-CCD1</max:VALUE>
      </max:ITDSRWIZSPECCR>
       <max:ITDSRWIZSPECCR action="Add">
         <max:ASSETATTRID>EVROSVERSION</max:ASSETATTRID>
        <max:VALUE>Windows 2008R2 64</max:VALUE>
    </max:ITDSRWIZSPECCR>
       <max:ITDSRWIZSPECCR action="Add">
         <max:ASSETATTRID>EVRVIRTUALSIZE</max:ASSETATTRID>
         <max:VALUE>small.1</max:VALUE>
       </max:ITDSRWIZSPECCR>
       <max:ITDSRWIZSPECCR action="Add">
         <max:ASSETATTRID>EVRSECZONE</max:ASSETATTRID>
         <max:VALUE>LS-EVR-NO-CCD1-PUBL-FRON1</max:VALUE>
       </max:ITDSRWIZSPECCR>
       <max:ITDSRWIZSPECCR action="Add">
         <max:ASSETATTRID>EVRSLAINPUT</max:ASSETATTRID>
         <max:VALUE>BRONZE</max:VALUE>
       </max:ITDSRWIZSPECCR>
       <max:ITDSRWIZSPECCR action="Add">
         <max:ASSETATTRID>EVREDRCLSINPUT</max:ASSETATTRID>
         <max:VALUE>0</max:VALUE>
      </max:ITDSRWIZSPECCR>
       <max:ITDSRWIZSPECCR action="Add">
         <max:ASSETATTRID>ITDPURPOSE</max:ASSETATTRID>
         <max:VALUE>test</max:VALUE>
       </max:ITDSRWIZSPECCR>
       <max:ITDSRWIZSPECCR action="Add">
         <max:ASSETATTRID>EVRENVIRONMENT</max:ASSETATTRID>
         <max:VALUE>PRODUCTION</max:VALUE>
       </max:ITDSRWIZSPECCR>
       <max:ITDSRWIZSPECCR action="Add">
         <max:ASSETATTRID>ITDBACKUP</max:ASSETATTRID>
         <max:VALUE>YES</max:VALUE>
       </max:ITDSRWIZSPECCR>
       <max:ITDSRWIZSPECCR action="Add">
        <max:ASSETATTRID>EVRBRETENTIONTIME</max:ASSETATTRID>
         <max:VALUE>3Y</max:VALUE>
       </max:ITDSRWIZSPECCR>
       <max:ITDSRWIZSPECCR action="Add">
         <max:ASSETATTRID>EVRADDOMAIN</max:ASSETATTRID>
         <max:VALUE>ADRS.AOD.NO</max:VALUE>
       </max:ITDSRWIZSPECCR>
      <max:ITDSRWIZSPECCR action="Add">
         <max:ASSETATTRID>ITDADORGUNIT</max:ASSETATTRID>
         <max:VALUE>OU=IBMMANAGED,DC=ADRS,DC=AOD,DC=NO</max:VALUE>
       </max:ITDSRWIZSPECCR>
       <max:ITDSRWIZSPECCR action="Add">
         <max:ASSETATTRID>EVRSTGTIER</max:ASSETATTRID>
         <max:VALUE>2</max:VALUE>
       </max:ITDSRWIZSPECCR>
       <max:ITDSRWIZSPECCR action="Add">
        <max:ASSETATTRID>ITDBUSAPP</max:ASSETATTRID>
         <max:VALUE>6OZAFU72TCA3MNAWDYM19A</max:VALUE>
       </max:ITDSRWIZSPECCR>
       <max:ITDSRWIZSPECCR action="Add">
         <max:ASSETATTRID>ITDLONGDESCRIPTION</max:ASSETATTRID>
         <max:VALUE>test</max:VALUE>
      </max:ITDSRWIZSPECCR>
     </max:ITDSRWIZCR>
   </max:ITD_PMSCSUBMITWFSet>
 </max:CreateITD_PMSCSUBMITWF>