[{
	"id": "66b21670-4879-11e8-a383-d5229150ea3a",
	"refid": "EVRCCP1001AM",
	"name": "T - Managed Windows Instance",
	"description": "Managed Windows Instance",
	"version": 0,
	"status": "PUBLISHED",
	"provider": {
		"name": "EVRYPrivateCloud",
		"code": "icd"
	},
	"serviceCategory": [{
			"id": "compute",
			"name": "Compute",
			"description": "Compute"
		},
		{
			"id": "pvtcloud",
			"name": "Private Cloud",
			"description": "Private Cloud"
		}
	],
	"config": [
	{
			"description": "User Id",
			"errorMessage": "Value is required!",
			"group": "Additional Parameters",
			"hidden": false,
			"id": "userId",
			"domainValueIds": [
				"userId_1",
				"userId_2",
				"userId_3",
				"userId_4",
				"userId_5",
				"userId_6",
				"userId_7",
				"userId_8",
				"userId_9",
				"userId_10",
				"userId_11",
				"userId_12",
				"userId_13",
				"userId_14",
				"userId_15"
			],
			"inputType": "selectOne",
			"name": "User Id",
			"required": true,
			"sequence": 1
		},
		{
			"binding": "ITDCUSTOMER",
			"description": "ITD Customer",
			"editable": true,
			"errorMessage": "Value is required!",
			"group": "Additional Parameters",
			"hidden": false,
			"id": "ITDCUSTOMER",
			"inputType": "selectOne",
			"name": "Customer",
			"required": true,
			"derivedFrom": ["userId"],
			"allowedValues": {
				"type": "on-demand",
				"resource-path": "maxrest/rest/mbo/PLUSPPERSONCUST?_format=json&_compact=true&_includecols=CUSTOMER",
				"baseurl": "ICBSYSCONFIG::BASEURL",
				"method": "GET",
				"params": {
					"PERSONID": "${userId}"
				},
				"return": {
					"id": "$.PLUSPPERSONCUSTMboSet.PLUSPPERSONCUST..CUSTOMER",
					"label": "$.PLUSPPERSONCUSTMboSet.PLUSPPERSONCUST..CUSTOMER"
				},
				"authentication": {
					"module": "basic"
				},
				"handleByAdapter": false
			},
			"sequence": 2
		},
		{
			"binding": "ICD::AFFECTEDPERSON",
			"description": "Name Of The Affected Person",
			"editable": true,
			"errorMessage": "Value is required!",
			"group": "Additional Parameters",
			"hidden": false,
			"id": "AFFECTEDPERSON",
			"inputType": "selectOne",
			"name": "Affected Person",
			"required": true,
			"default": "fn::getIndex(0)",
			"derivedFrom": ["ITDCUSTOMER"],
			"allowedValues": {
				"type": "on-demand",
				"resource-path": "maxrest/rest/mbo/PERSON?&_compact=true&_includecols=PERSONID,DisplayName&_format=json",
				"baseurl": "ICBSYSCONFIG::BASEURL",
				"method": "GET",
				"params": {
					"PERSONID": "${ITDCUSTOMER}",
					"PLUSPCUSTVENDOR": "${ITDCUSTOMER}"
				},
				"return": {
					"id": "$.PERSONMboSet.PERSON..PERSONID",
					"label": "$.PERSONMboSet.PERSON..DISPLAYNAME"
				},
				"authentication": {
					"module": "basic"
				},
				"handleByAdapter": false
			},
			"sequence": 3
		},
		{
			"binding": "EVROSVERSION",
			"description": "Operating System Version",
			"editable": true,
			"errorMessage": "Value is required!",
			"group": "Additional Parameters",
			"hidden": false,
			"id": "EVROSVERSION",
			"inputType": "selectOne",
			"name": "Operating System Version",
			"required": true,
			"allowedValues": {
				"type": "on-demand",
				"resource-path": "maxrest/rest/mbo/ALNDOMAIN?_format=json&_compact=true&DOMAINID=~eq~EVROSVERSIONM&_uw=(VALUE like '%25Windows %25 64%25')",
				"baseurl": "ICBSYSCONFIG::BASEURL",
				"method": "GET",
				"return": {
					"id": "$.ALNDOMAINMboSet.ALNDOMAIN..VALUE",
					"label": "$.ALNDOMAINMboSet.ALNDOMAIN..DESCRIPTION"
				},
				"authentication": {
					"module": "basic"
				},
				"handleByAdapter": false
			},
			"sequence": 4
		},
		{
			"binding": "EVRVIRTUALSIZE",
			"description": "T-shirt Size",
			"editable": true,
			"errorMessage": "Value is required!",
			"group": "Additional Parameters",
			"hidden": false,
			"default": "small.1",
			"id": "EVRVIRTUALSIZE",
			"inputType": "selectOne",
			"name": "T-shirt Size",
			"required": true,
			"allowedValues": {
				"type": "on-demand",
				"resource-path": "maxrest/rest/mbo/ALNDOMAIN?DOMAINID=~eq~EVRVIRTUALSIZE&_format=json",
				"baseurl": "ICBSYSCONFIG::BASEURL",
				"method": "GET",
				"return": {
					"id": "$.ALNDOMAINMboSet.ALNDOMAIN[?(@.Attributes.VALUE.content!='small.0')].Attributes.VALUE.content",
					"label": "$.ALNDOMAINMboSet.ALNDOMAIN[?(@.Attributes.VALUE.content!='small.0')].Attributes.VALUE.content"
				},
				"authentication": {
					"module": "basic"
				},
				"handleByAdapter": false
			},
			"sequence": 5
		},
		{
			"binding": "EVRSECZONE",
			"description": "Security Zone Name",
			"editable": true,
			"errorMessage": "Value is required!",
			"group": "Additional Parameters",
			"hidden": false,
			"id": "EVRSECZONE",
			"default": "LS-EVR-NO-CCD1-PUBL-FRON1",
			"inputType": "selectOne",
			"name": "Security Zone Name",
			"required": true,
			"derivedFrom": ["ITDCUSTOMER"],
			"allowedValues": {
				"type": "on-demand",
				"resource-path": "maxrest/rest/mbo/CI?_includecols=CINUM,CINAME&CLASSSTRUCTURE.CLASSIFICATIONID=CI.SECURITYZONE&STATUS=!=ARCHIVED&_format=json",
				"baseurl": "ICBSYSCONFIG::BASEURL",
				"method": "GET",
				"params": {
					"pluspcustomer": "${ITDCUSTOMER}"
				},
				"return": {
					"id": "$.CIMboSet.CI..Attributes.CINAME.content",
					"label": "$.CIMboSet.CI..Attributes.CINAME.content"
				},
				"authentication": {
					"module": "basic"
				},
				"handleByAdapter": false
			},
			"sequence": 6
		},
		{
			"binding": "EVRSLAINPUT",
			"description": "Service Level",
			"editable": true,
			"errorMessage": "Value is required!",
			"group": "Additional Parameters",
			"hidden": false,
			"default": "BRONZE",
			"id": "EVRSLAINPUT",
			"inputType": "selectOne",
			"name": "Service Level",
			"required": true,
			"allowedValues": {
				"type": "on-demand",
				"resource-path": "maxrest/rest/mbo/ALNDOMAIN?DOMAINID=~eq~ITDGLDPLA&_format=json",
				"baseurl": "ICBSYSCONFIG::BASEURL",
				"method": "GET",
				"return": {
					"id": "$.ALNDOMAINMboSet.ALNDOMAIN..Attributes.VALUE.content",
					"label": "$.ALNDOMAINMboSet.ALNDOMAIN..Attributes.DESCRIPTION.content"
				},
				"authentication": {
					"module": "basic"
				},
				"handleByAdapter": false
			},
			"sequence": 7
		},
		{
			"binding": "EVREDRCLSINPUT",
			"description": "DR Class",
			"editable": true,
			"errorMessage": "Value is required!",
			"group": "Additional Parameters",
			"hidden": false,
			"default": "0",
			"id": "EVREDRCLSINPUT",
			"inputType": "selectOne",
			"name": "DR Class",
			"required": true,
			"allowedValues": {
				"type": "on-demand",
				"resource-path": "maxrest/rest/mbo/ALNDOMAIN?DOMAINID=~eq~EVREDR_CLASS&_format=json",
				"baseurl": "ICBSYSCONFIG::BASEURL",
				"method": "GET",
				"return": {
					"id": "$.ALNDOMAINMboSet.ALNDOMAIN[?(@.Attributes.VALUE.content == 0)].Attributes.VALUE.content",
					"label": "$.ALNDOMAINMboSet.ALNDOMAIN[?(@.Attributes.VALUE.content == 0)].Attributes.DESCRIPTION.content"
				},
				"authentication": {
					"module": "basic"
				},
				"handleByAdapter": false
			},
			"sequence": 8
		},
		{
			"binding": "ITDPURPOSE",
			"description": "Justification",
			"editable": true,
			"errorMessage": "Value is required!",
			"group": "Additional Parameters",
			"hidden": false,
			"id": "ITDPURPOSE",
			"inputType": "freetext",
			"name": "Justification",
			"required": true,
			"maxRange": 50,
			"sequence": 9
		},
		{
			"binding": "EVRENVIRONMENT",
			"description": "Type of the environment",
			"editable": true,
			"errorMessage": "Value is required!",
			"group": "Additional Parameters",
			"hidden": false,
			"default": "PRODUCTION",
			"id": "EVRENVIRONMENT",
			"inputType": "selectOne",
			"name": "Type of environment",
			"required": true,
			"allowedValues": {
				"type": "on-demand",
				"resource-path": "maxrest/rest/mbo/ALNDOMAIN?DOMAINID=~eq~EVRENVR&_format=json",
				"baseurl": "ICBSYSCONFIG::BASEURL",
				"method": "GET",
				"return": {
					"id": "$.ALNDOMAINMboSet.ALNDOMAIN..Attributes.VALUE.content",
					"label": "$.ALNDOMAINMboSet.ALNDOMAIN..Attributes.DESCRIPTION.content"
				},
				"authentication": {
					"module": "basic"
				},
				"handleByAdapter": false
			},
			"sequence": 10
		},
		{
			"binding": "ITDBACKUP",
			"description": "Backup Required",
			"editable": true,
			"default": "YES",
			"errorMessage": "Value is required!",
			"group": "Additional Parameters",
			"hidden": false,
			"id": "Backup Required",
			"inputType": "selectOne",
			"name": "Backup Required",
			"required": true,
			"allowedValues": {
				"type": "on-demand",
				"resource-path": "maxrest/rest/mbo/ALNDOMAIN?DOMAINID=~eq~ITDYESNO&_format=json",
				"baseurl": "ICBSYSCONFIG::BASEURL",
				"method": "GET",
				"return": {
					"id": "$.ALNDOMAINMboSet.ALNDOMAIN..Attributes.VALUE.content",
					"label": "$.ALNDOMAINMboSet.ALNDOMAIN..Attributes.DESCRIPTION.content"
				},
				"authentication": {
					"module": "basic"
				},
				"handleByAdapter": false
			},
			"sequence": 11
		},
		{
			"binding": "EVRBRETENTIONTIME",
			"description": "Backup Retention Time",
			"editable": true,
			"errorMessage": "Value is required!",
			"group": "Additional Parameters",
			"hidden": false,
			"default": "3Y",
			"id": "EVRBRETENTIONTIME",
			"inputType": "selectOne",
			"name": "Backup Retention Time",
			"required": true,
			"allowedValues": {
				"type": "on-demand",
				"resource-path": "maxrest/rest/mbo/ALNDOMAIN?DOMAINID=~eq~EVRRETTIME&_format=json",
				"baseurl": "ICBSYSCONFIG::BASEURL",
				"method": "GET",
				"return": {
					"id": "$.ALNDOMAINMboSet.ALNDOMAIN..Attributes.VALUE.content",
					"label": "$.ALNDOMAINMboSet.ALNDOMAIN..Attributes.DESCRIPTION.content"
				},
				"authentication": {
					"module": "basic"
				},
				"handleByAdapter": false
			},
			"sequence": 12
		},
		{
			"description": "AD Domain ICB",
			"editable": true,
			"errorMessage": "Value is required!",
			"group": "Additional Parameters",
			"hidden": false,
			"id": "EVRADDOMAIN_ICB",
			"inputType": "selectOne",
			"name": "AD Domain ICB",
			"required": true,
			"derivedFrom": ["ITDCUSTOMER"],
			"allowedValues": {
				"type": "on-demand",
				"resource-path": "maxrest/rest/mbo/CI?_includecols=CINAME,CINUM&CLASSSTRUCTURE.CLASSIFICATIONID=CI.ACTIVEDIRDOMAIN&STATUS=!=ARCHIVED&_format=json",
				"baseurl": "ICBSYSCONFIG::BASEURL",
				"method": "GET",
				"params": {
					"pluspcustomer": "${ITDCUSTOMER}"
				},
				"return": {
					"id": "$.CIMboSet.CI..Attributes.CINUM.content",
					"label": "$.CIMboSet.CI..Attributes.CINAME.content"
				},
				"authentication": {
					"module": "basic"
				},
				"handleByAdapter": false
			},
			"sequence": 13
		},
		{
			"binding": "EVRADDOMAIN",
			"description": "AD Domain",
			"errorMessage": "Value is required!",
			"group": "Additional Parameters",
			"hidden": false,
			"id": "EVRADDOMAIN",
			"inputType": "selectOne",
			"name": "AD Domain",
			"required": true,
			"derivedFrom": ["ITDCUSTOMER", "EVRADDOMAIN_ICB"],
			"default" : "fn::getIndex(0)",
			"allowedValues": {
				"type": "on-demand",
				"resource-path": "maxrest/rest/mbo/CI?_includecols=CINAME,CINUM&CLASSSTRUCTURE.CLASSIFICATIONID=CI.ACTIVEDIRDOMAIN&STATUS=!=ARCHIVED&_format=json",
				"baseurl": "ICBSYSCONFIG::BASEURL",
				"method": "GET",
				"params": {
					"pluspcustomer": "${ITDCUSTOMER}",
					"CINUM": "${EVRADDOMAIN_ICB}"
				},
				"return": {
					"id": "$.CIMboSet.CI..Attributes.CINAME.content",
					"label": "$.CIMboSet.CI..Attributes.CINAME.content"
				},
				"authentication": {
					"module": "basic"
				},
				"handleByAdapter": false
			},
			"sequence": 14
		},
		{
			"binding": "ITDADORGUNIT",
			"description": "AD OU",
			"editable": true,
			"errorMessage": "Value is required!",
			"group": "Additional Parameters",
			"hidden": false,
			"id": "ITDADORGUNIT",
			"inputType": "selectOne",
			"name": "AD OU",
			"required": true,
			"derivedFrom": ["ITDCUSTOMER", "EVRADDOMAIN_ICB"],
			"default" : "fn::getIndex(0)",
			"allowedValues": {
				"type": "on-demand",
				"resource-path": "maxrest/rest/mbo/CI?_format=json&_compact=true&_includecols=CINUM,CINAME&CLASSSTRUCTURE.CLASSIFICATIONID=CI.ACTIVEDIROU&STATUS=!=ARCHIVED",
				"baseurl": "ICBSYSCONFIG::BASEURL",
				"method": "GET",
				"params": {
					"pluspcustomer": "${ITDCUSTOMER}",
					"_uw": "(cinum in(select targetci from cirelation where relationnum='RELATION.CONTAINS' and SOURCECI = '${EVRADDOMAIN_ICB}'))"
				},
				"return": {
					"id": "$.CIMboSet.CI..CINAME",
					"label": "$.CIMboSet.CI..CINAME"
				},
				"authentication": {
					"module": "basic"
				},
				"handleByAdapter": false
			},
			"sequence": 15
		},
		{
			"binding": "EVRSTGTIER",
			"description": "Storage Tier",
			"editable": true,
			"errorMessage": "Value is required!",
			"group": "Additional Parameters",
			"hidden": false,
			"id": "EVRSTGTIER",
			"inputType": "selectOne",
			"name": "Storage Tier",
			"default" : "fn::getIndex(0)",
			"required": true,
			"allowedValues": {
				"type": "on-demand",
				"resource-path": "maxrest/rest/mbo/ALNDOMAIN?DOMAINID=~eq~EVRSTGTIER&_format=json",
				"baseurl": "ICBSYSCONFIG::BASEURL",
				"method": "GET",
				"return": {
					"id": "$.ALNDOMAINMboSet.ALNDOMAIN[?(@.Attributes.VALUE.content == 2)].Attributes.VALUE.content",
					"label": "$.ALNDOMAINMboSet.ALNDOMAIN[?(@.Attributes.VALUE.content == 2)].Attributes.DESCRIPTION.content"
				},
				"authentication": {
					"module": "basic"
				},
				"handleByAdapter": false
			},
			"sequence": 16
		},
		{
			"binding": "ITDBUSAPP",
			"description": "Business Application",
			"editable": true,
			"errorMessage": "Value is required!",
			"group": "Additional Parameters",
			"hidden": false,
			"id": "ITDBUSAPP",
			"inputType": "selectOne",
			"name": "Business Application",
			"derivedFrom": ["ITDCUSTOMER"],
			"default" : "fn::getIndex(0)",
			"required": true,
			"allowedValues": {
				"type": "on-demand",
				"resource-path": "maxrest/rest/mbo/CI?_includecols=CINAME,CINUM&CLASSSTRUCTURE.CLASSIFICATIONID=CI.BUSINESSAPPLICATION&STATUS=!=ARCHIVED&_format=json",
				"baseurl": "ICBSYSCONFIG::BASEURL",
				"method": "GET",
				"params": {
					"pluspcustomer": "${ITDCUSTOMER}"
				},
				"return": {
					"id": "$.CIMboSet.CI..Attributes.CINUM.content",
					"label": "$.CIMboSet.CI..Attributes.CINAME.content"
				},
				"authentication": {
					"module": "basic"
				},
				"handleByAdapter": false
			},
			"sequence": 17
		},
		{
			"binding": "ITDLONGDESCRIPTION",
			"description": "Free Form Long Description",
			"editable": true,
			"errorMessage": "Value is required!",
			"group": "Additional Parameters",
			"hidden": false,
			"id": "ITDLONGDESCRIPTION",
			"inputType": "freetext",
			"name": "Description",
			"required": true,
			"sequence": 18
		}
	]
}]